{"Saliency": {}, "IntegratedGradients": {}, "GradientShap": {"Robustness": 0.07008496432432107, "Faithfulness": -0.014105951461101936, "Localisation": 0.6808766464099545, "Complexity": 0.6369435903106687, "Randomisation": 0.4456949912964108}, "FusionGrad": {}}